4661.0,Cecilia,Velasco,cecilia.velasco@rodrigues.fr
3765.0,Mariana,Ellis,mariana.ellis@rossi.org
4187.0,Sofie,Woods,sofie.woods@riviere.com
4941.0,Jeanette,Iannotti,jeanette.iannotti@yahoo.com
2199.0,Samuel,Sorgatz,samuel.sorgatz@gmail.com
5650.0,Socorro,Luna,socorro.luna@hotmail.com
5889.0,Carolina,Murray,carolina.murray@knight.com
4842.0,Kayla,Moon,kayla.moon@yahoo.de
3280.0,Ariadna,Geisel,ariadna.geisel@rangel.com
5468.0,Danielle,Ladeck,danielle.ladeck@scalfaro.net
3064.0,Tatiana,Thompson,tatiana.thompson@hunt.net
4904.0,Caleb,Benavides,caleb.benavides@rubio.com
1299.0,Sandra,Hardy,sandra.hardy@web.de
5602.0,Lotti,Morris,lotti.morris@yahoo.co.uk
5753.0,Reinhilde,White,reinhilde.white@voila.fr
4495.0,Kerry,Patel,kerry.patel@hutchinson.com
4269.0,Sophie,Antoine,sophie.antoine@andersen.com
2226.0,Martha,Girard,martha.girard@web.de
1558.0,Stephanie,King,stephanie.king@cervantes.com
2307.0,Amanda,Palmer,amanda.palmer@didier.fr
2900.0,Lina,Alcala,lina.alcala@vespa.net
5695.0,Itzel,Murphy,itzel.murphy@muelichen.de
5708.0,Filippo,Parry,filippo.parry@live.com
1663.0,Katelyn,Cole,katelyn.cole@fiebig.com
3605.0,Brian,Novak,brian.novak@ford.net
4678.0,Cilly,Gay,cilly.gay@callegaro.it
2251.0,Yolanda,Snyder,yolanda.snyder@gmx.de
6202.0,Evelin,Odonnell,evelin.odonnell@ibarra.net
3715.0,Ingeborg,Alba,ingeborg.alba@hotmail.com
4242.0,Marina,Madrid,marina.madrid@galarza-alba.com
4326.0,Sheila,Goodwin,sheila.goodwin@yahoo.com
5560.0,Valeria,Rich,valeria.rich@turchetta-mondadori.it
4002.0,Dustin,Camacho,dustin.camacho@rhodes.org.au
3813.0,Amalia,Marenzio,amalia.marenzio@grupo.com
5336.0,Gian,Long,gian.long@hotmail.com
4994.0,Stewart,Hunt,stewart.hunt@anderson-vargas.biz
1471.0,Greca,Ruiz,greca.ruiz@carr.co.uk
4482.0,Gerald,Olivera,gerald.olivera@outlook.com
3241.0,Jaqueline,Wallace,jaqueline.wallace@gmail.com
3477.0,John,Lane,john.lane@gregoire.fr
2265.0,Pero,Joly,pero.joly@bernard.net
5911.0,Chad,Turner,chad.turner@gmail.com
2288.0,Adam,Zavala,adam.zavala@guichard.fr
4064.0,Tyler,Rivera,tyler.rivera@guajardo-ozuna.com
1294.0,Jens,Graham,jens.graham@jones-buckley.com
5008.0,Virginia,Caetani,virginia.caetani@sosa.biz
3604.0,Martino,Wagner,martino.wagner@laposte.net
3263.0,Martin,Meyer,martin.meyer@davis.co.uk
5631.0,Marguerite,Walls,marguerite.walls@martinez.fr
2851.0,Peter,Vogt,peter.vogt@yahoo.com
3714.0,Nicholas,Christian,nicholas.christian@hotmail.de
1664.0,Susi,Steinberg,susi.steinberg@preiss.com
5027.0,Tammy,Ramazzotti,tammy.ramazzotti@gmail.com
3070.0,Abdul,Thomas,abdul.thomas@vasari.com
4248.0,Justin,Luxardo,justin.luxardo@googlemail.com
2034.0,Antonio,Gibson,antonio.gibson@faust.net
4085.0,Jeremy,Gomez,jeremy.gomez@oconnor.org
3569.0,Raymond,Solorzano,raymond.solorzano@gmail.com
3889.0,Flora,Harris,flora.harris@hotmail.com.au
3136.0,Cheryl,Boyd,cheryl.boyd@segni.it
2103.0,Rhys,Leiva,rhys.leiva@gmx.de
2329.0,Mariano,Prieto,mariano.prieto@vodafone.it
3325.0,Laurie,Fibonacci,laurie.fibonacci@gmail.com
3131.0,David,Rudolph,david.rudolph@nelson.com
4995.0,Bryan,Ross,bryan.ross@yahoo.com
3631.0,Ubaldo,Brown,ubaldo.brown@philippe.com
5373.0,Clelia,Faulkner,clelia.faulkner@hotmail.com
3126.0,Sara,Erickson,sara.erickson@yahoo.de
2194.0,Rupert,Valle,rupert.valle@filogamo.it
2906.0,Puccio,Kitzmann,puccio.kitzmann@yahoo.com
2611.0,Thomas,Hutchinson,thomas.hutchinson@gmx.de
2374.0,Abelardo,Castro,abelardo.castro@gmail.com
3254.0,Greco,Walker,greco.walker@yahoo.com
3571.0,Miranda,Lacombe,miranda.lacombe@longoria-vanegas.net
2812.0,Diana,Schuchhardt,diana.schuchhardt@libero.it
3961.0,Stacey,Knox,stacey.knox@corporacin.com
3872.0,Glen,Faivre,glen.faivre@yahoo.com
4736.0,Andrew,Torres,andrew.torres@ruiz-torres.org
5119.0,Denny,Fritz,denny.fritz@despacho.biz
5725.0,Martyn,Caldera,martyn.caldera@hotmail.co.uk
4037.0,Abigail,Foster,abigail.foster@taylor.net
2109.0,Anthony,Hauffer,anthony.hauffer@tlustek.org
3283.0,Roger,Gerlach,roger.gerlach@may-mitchell.co.uk
6181.0,Christopher,Poirier,christopher.poirier@hotmail.com
3251.0,Branka,Traore,branka.traore@jacobi.com
3443.0,Briana,Etienne,briana.etienne@bishop-coates.com
2988.0,Brandon,Olson,brandon.olson@prince-moreno.net
1673.0,Celia,Ungaretti,celia.ungaretti@fox.com
2085.0,Barbara,Guibert,barbara.guibert@casares-sanches.com
1672.0,Daniela,Bell,daniela.bell@vollbrecht.org
4426.0,Phyllis,Gurule,phyllis.gurule@rodriguez-pham.com
3211.0,Alejandra,Joseph,alejandra.joseph@escalante-abrego.biz
3190.0,Giulio,Bohlander,giulio.bohlander@dbmail.com
2081.0,Amber,Weller,amber.weller@toso.eu
3185.0,Mary,Etzold,mary.etzold@conrad-harrison.com
5044.0,Amy,Georges,amy.georges@raedel.de
1883.0,Jennifer,Giraud,jennifer.giraud@yahoo.com
2067.0,Rosie,Peltier,rosie.peltier@voila.fr
4604.0,Oreste,Ward,oreste.ward@proyectos.com
3203.0,Luis,Edwards,luis.edwards@live.com
5758.0,Fiona,Griffiths,fiona.griffiths@curatoli-verdone.it
5755.0,Sally,Raya,sally.raya@tarchetti.it
5150.0,Carolyn,Charpentier,carolyn.charpentier@hotmail.de
4181.0,Nathalie,Alvarez,nathalie.alvarez@live.com
3006.0,Abril,Lowery,abril.lowery@novak.net
4865.0,Ottone,Sullivan,ottone.sullivan@hussain-kaur.com
2862.0,Esmeralda,Sollima,esmeralda.sollima@visintini.it
6070.0,Silvia,Gierschner,silvia.gierschner@tele2.it
5300.0,Kyle,Cunningham,kyle.cunningham@voila.fr
3486.0,Anel,Carpentier,anel.carpentier@klein-joseph.org
5989.0,Sarah,Davis,sarah.davis@david.com
2849.0,Luke,Klein,luke.klein@hotmail.com
1612.0,Gudrun,Mueller,gudrun.mueller@dillon-fuller.info
3307.0,Melissa,Canali,melissa.canali@libero.it
5288.0,Gabrielle,Ayala,gabrielle.ayala@hotmail.com
6026.0,Laura,Buckley,laura.buckley@ryan.org
2212.0,Wilfrido,Lorch,wilfrido.lorch@leclerc.fr
4591.0,Robert,Bruder,robert.bruder@manzoni.com
2771.0,Phillip,Soliz,phillip.soliz@outlook.com
5682.0,Alex,Smith,alex.smith@fournier.fr
5368.0,Jessica,Martinez,jessica.martinez@salieri.com
3706.0,Kelly,Carter,kelly.carter@hotmail.com.au
4034.0,Ahmad,Sosa,ahmad.sosa@gmail.com
3209.0,Toralf,Iglesias,toralf.iglesias@borrego.com
2384.0,Irene,Anichini,irene.anichini@yahoo.com
3074.0,Alicia,Cainero,alicia.cainero@yahoo.com
2031.0,Tracey,Laboy,tracey.laboy@bell.biz
5873.0,Donald,Reynaud,donald.reynaud@green.edu.au
5501.0,Venancio,Stadelmann,venancio.stadelmann@gmx.de
3489.0,Seth,Olivier,seth.olivier@yahoo.com
4210.0,Dennis,Boaga,dennis.boaga@gmx.de
6151.0,Pedro,Wilson,pedro.wilson@outlook.com
6047.0,Roland,Weihmann,roland.weihmann@gmail.com
5445.0,Hector,Morrison,hector.morrison@web.de
5493.0,Evangelos,Peters,evangelos.peters@sanchez.net
6036.0,Gerardo,Hamilton,gerardo.hamilton@libero.it
2368.0,Meta,Cuzzocrea,meta.cuzzocrea@howard-jensen.org
1501.0,Alma,Raymond,alma.raymond@tin.it
4351.0,Kathleen,Solimena,kathleen.solimena@wallace.biz
3096.0,Zacharie,Cordier,zacharie.cordier@gmail.com
6162.0,Riza,Techer,riza.techer@yahoo.com
1433.0,Enrique,Guillen,enrique.guillen@hotmail.co.uk
2720.0,Tristan,Weeks,tristan.weeks@pena.com
5251.0,Natalie,Lerma,natalie.lerma@boucher.com
1797.0,Rodney,Hamon,rodney.hamon@hotmail.com
1656.0,Adalberto,Lombardo,adalberto.lombardo@sfr.fr
1346.0,Florencia,Querini,florencia.querini@gmail.com
2989.0,Liam,Rolland,liam.rolland@yahoo.fr
5629.0,Ian,Kelly,ian.kelly@reeves.com.au
3456.0,Mehdi,Todd,mehdi.todd@web.de
3229.0,Rembrandt,Liguori,rembrandt.liguori@davis.org
2277.0,Irmi,Schweitzer,irmi.schweitzer@ozuna.com
1276.0,Gioffre,Stein,gioffre.stein@hotmail.com.au
3694.0,Frida,Villarreal,frida.villarreal@hotmail.de
2260.0,Steffen,Mangold,steffen.mangold@paul.net
5374.0,Elias,Marin,elias.marin@herve.net
4420.0,Roman,Gonzalez,roman.gonzalez@anderson.net
3849.0,Reina,Middleton,reina.middleton@hotmail.com
1638.0,Sandro,Moran,sandro.moran@hotmail.de
5230.0,Gebhard,Thanel,gebhard.thanel@gmail.com
1763.0,Antonino,Bolander,antonino.bolander@gmail.com
4323.0,Karl,Trevisani,karl.trevisani@anguissola.it
5256.0,Silvester,Brookes,silvester.brookes@franco.org
4836.0,Octavio,Pratt,octavio.pratt@web.de
5981.0,Rebecca,Greer,rebecca.greer@hotmail.com
1463.0,Pierina,Gaggini,pierina.gaggini@free.fr
4577.0,Robin,Schleich,robin.schleich@rogers-barrera.biz
4951.0,Sergio,Abbott,sergio.abbott@moore.net.au
3567.0,Gilberto,Evans,gilberto.evans@salcedo-archuleta.net
5475.0,James,Elliott,james.elliott@gmail.com
2114.0,Timoteo,Bolnbach,timoteo.bolnbach@laboratorios.com
5216.0,Tonino,Stanley,tonino.stanley@hotmail.com
1665.0,Margaretha,Murialdo,margaretha.murialdo@meunier.com
6051.0,Bianca,Drubin,bianca.drubin@libero.it
3983.0,Kaylee,Hoffmann,kaylee.hoffmann@poulain.com
2966.0,Teresa,Vecellio,teresa.vecellio@yahoo.com
4478.0,Emine,Tacchini,emine.tacchini@dbmail.com
4238.0,Dawn,Cortez,dawn.cortez@gmail.com
4404.0,Emily,Cundari,emily.cundari@clark.com.au
5666.0,Eleanor,Hall,eleanor.hall@hotmail.com
3691.0,Monique,Delgadillo,monique.delgadillo@hotmail.co.uk
2703.0,Arnaude,Warner,arnaude.warner@gmail.com
4253.0,Jason,Howell,jason.howell@gmx.de
5652.0,Nicole,Mccullough,nicole.mccullough@hall.com
3279.0,Rosmarie,Esquibel,rosmarie.esquibel@bouygtel.fr
3233.0,Leonor,Ferreira,leonor.ferreira@gmail.com
3017.0,Brett,Jones,brett.jones@alice.it
3482.0,Nino,Bien,nino.bien@gmail.com
2166.0,Jemma,Tate,jemma.tate@hotmail.de
4146.0,Denis,Rogers,denis.rogers@poste.it
2651.0,Vanesa,Khan,vanesa.khan@voila.fr
1409.0,Victoria,Ojeda,victoria.ojeda@doehn.com
3717.0,Eugenio,Martin,eugenio.martin@yahoo.de
3963.0,Nancy,Hayes,nancy.hayes@hotmail.com
2152.0,Lara,Jacob,lara.jacob@buckley.org
2974.0,Gino,Hernandez,gino.hernandez@covarrubias.com
1268.0,Vicente,Tijerina,vicente.tijerina@montanariello.com
1822.0,Michele,Brambilla,michele.brambilla@yahoo.com
5066.0,Dana,Ritacca,dana.ritacca@gmail.com
5075.0,Mitchell,Bachmann,mitchell.bachmann@suarez-cruz.com
3855.0,Vincenza,Key,vincenza.key@adams.com
5923.0,Salvador,Gaillard,salvador.gaillard@yahoo.de
1867.0,Diane,Rogner,diane.rogner@kelly.co.uk
4376.0,Josette,Laine,josette.laine@saracino-parisi.net
2785.0,Courtney,Fiebig,courtney.fiebig@doerschner.com
5884.0,Hugues,Oliver,hugues.oliver@stiffel.com
2441.0,Espartaco,Willis,espartaco.willis@hotmail.com
1243.0,Flavia,Yoder,flavia.yoder@hotmail.de
3411.0,Casey,Flores,casey.flores@baggio.org
2467.0,Calogero,Cross,calogero.cross@mercantini.it
1850.0,Charles,Begum,charles.begum@laboratorios.info
2604.0,Adina,Pollard,adina.pollard@outlook.com
1693.0,Natasha,Lara,natasha.lara@outlook.com
2969.0,Benita,Pottier,benita.pottier@sfr.fr
1544.0,Elizabeth,Valdivia,elizabeth.valdivia@gmail.com
4149.0,Mattia,Huet,mattia.huet@aol.de
3463.0,Geza,Howard,geza.howard@voila.fr
2939.0,Lauren,Guillaume,lauren.guillaume@sorgatz.org
2202.0,Joanna,Baxter,joanna.baxter@bruce-wright.com
1728.0,Tracy,Metz,tracy.metz@bryant.info
5362.0,Birgit,Pena,birgit.pena@armellini.it
4840.0,Elvira,Papafava,elvira.papafava@ifrance.com
2955.0,Ernest,Delorme,ernest.delorme@dowerg.de
5354.0,Christy,Grossi,christy.grossi@alarcon-tafoya.com
3847.0,Hermelinda,Olmos,hermelinda.olmos@portillo.com
3025.0,Herbert,Fraser,herbert.fraser@holloway.org.au
1615.0,Giancarlo,Heydrich,giancarlo.heydrich@hotmail.com
5154.0,Constance,Maldonado,constance.maldonado@spiess.net
5005.0,Giampiero,Carlier,giampiero.carlier@hotmail.com
1349.0,Carlo,Jacquot,carlo.jacquot@hotmail.com
3670.0,Gabriel,Robles,gabriel.robles@yahoo.com
2912.0,Gerd,Gunpf,gerd.gunpf@gmail.com
4336.0,Ashley,Hellwig,ashley.hellwig@libero.it
5576.0,Patrick,Rosas,patrick.rosas@yahoo.com
2736.0,Lilla,Leonard,lilla.leonard@jungfer.com
3321.0,Tony,Nicolas,tony.nicolas@morrocco-seddio.net
3353.0,Allegra,Benedetti,allegra.benedetti@miller.com
2336.0,Camille,Tafuri,camille.tafuri@aol.de
4369.0,Juan,Wheeler,juan.wheeler@gilmore.net
4464.0,Leopoldo,Johnson,leopoldo.johnson@hotmail.com.au
5626.0,Dietmar,Grenier,dietmar.grenier@tele2.it
1669.0,Leonid,Scholl,leonid.scholl@collin.com
5544.0,Olivie,Contarini,olivie.contarini@marshall-wright.biz
6078.0,Jeffery,Lacroix,jeffery.lacroix@medina.org
2580.0,Edeltraud,Chavez,edeltraud.chavez@hotmail.com.au
3592.0,Mesut,Morvan,mesut.morvan@gmail.com
4914.0,Gregory,Jackson,gregory.jackson@ortiz.com
3848.0,Nicola,Rossi,nicola.rossi@berry.org
2619.0,Eddie,Collazo,eddie.collazo@gmail.com
4605.0,Philippe,Gardner,philippe.gardner@howells-jones.net
6147.0,Roy,Fox,roy.fox@tejeda.com
1383.0,Heiderose,Garcia,heiderose.garcia@noos.fr
1757.0,Claudine,Rowley,claudine.rowley@industrias.com
4390.0,Astrid,Roht,astrid.roht@fastwebnet.it
4165.0,Auguste,Burnett,auguste.burnett@yahoo.fr
4529.0,Pellegrino,Allen,pellegrino.allen@gmail.com
6084.0,Angela,Bowers,angela.bowers@laboratorios.com
2916.0,Michael,Descamps,michael.descamps@gmail.com
2005.0,Heidelore,Kennedy,heidelore.kennedy@guinizzelli.org
2261.0,Lucrezia,Koch,lucrezia.koch@petit.com
5342.0,Ivan,Accardo,ivan.accardo@web.de
4087.0,Karen,Avogadro,karen.avogadro@yahoo.com
2761.0,Laetitia,Gallet,laetitia.gallet@aubry.org
2908.0,Amico,Gosselin,amico.gosselin@shaw.info
2155.0,Ilaria,Bowen,ilaria.bowen@hotmail.it
5642.0,Marlen,Coardi,marlen.coardi@colletti.eu
6217.0,Rafael,Alexander,rafael.alexander@jenkins.com
4222.0,Herma,Gabbana,herma.gabbana@hotmail.com
4798.0,Zachary,Vespucci,zachary.vespucci@industrias.com
5660.0,Marisol,Richard,marisol.richard@gmail.com
5000.0,Joseph,Glover,joseph.glover@laposte.net
2809.0,Lauretta,Neal,lauretta.neal@hotmail.de
3349.0,Simone,Sauvage,simone.sauvage@yahoo.com
3647.0,Ramona,Brooks,ramona.brooks@kensy.de
5745.0,Gioele,Schwital,gioele.schwital@moody.com
2583.0,Elena,Jimenez,elena.jimenez@yahoo.com.au
5441.0,Pam,Vargas,pam.vargas@guillot.net
2090.0,Alison,Morales,alison.morales@lewis.com
3386.0,Marc,Aumann,marc.aumann@holland.com
1816.0,Carla,Butler,carla.butler@yahoo.com
4718.0,Dionigi,Bruce,dionigi.bruce@industrias.com
1677.0,Frank,Henry,frank.henry@yahoo.com
4218.0,Brent,Pons,brent.pons@proyectos.net
4548.0,Patricia,Liebelt,patricia.liebelt@baca.org
1431.0,Micheletto,Sykes,micheletto.sykes@thompson-thompson.com
2830.0,Rose,Blanc,rose.blanc@grupo.com
4400.0,Vincent,Singh,vincent.singh@gmail.com
5773.0,Jamie,Peacock,jamie.peacock@interiano-nordio.com
4161.0,Giorgia,Dijoux,giorgia.dijoux@paul.com
2062.0,Serena,Piacentini,serena.piacentini@yahoo.de
3458.0,Dimitri,Posada,dimitri.posada@gmail.com
3174.0,Alexa,Barillaro,alexa.barillaro@ramos.net
5565.0,Megan,Kuhl,megan.kuhl@despacho.com
1906.0,Kaitlyn,Farinelli,kaitlyn.farinelli@outlook.com
5479.0,Jonathan,Castellitto,jonathan.castellitto@libero.it
4320.0,Lisa,Terragni,lisa.terragni@proyectos.com
4213.0,Olivier,Petrucelli,olivier.petrucelli@letta-raurica.eu
3373.0,Jos,Trobbiani,jos.trobbiani@samson.com
4184.0,Mirjam,Dawson,mirjam.dawson@yahoo.com
5472.0,Javier,Tessier,javier.tessier@mclaughlin.biz
5559.0,Mirjana,Collins,mirjana.collins@hotmail.com
5419.0,Vanessa,Tschentscher,vanessa.tschentscher@mitchell.com
4171.0,Antonina,Cobb,antonina.cobb@gibson.org
1302.0,Bernard,Durand,bernard.durand@royer.com
3520.0,Corey,Greggio,corey.greggio@johnson.org.au
6010.0,Rodolfo,Couturier,rodolfo.couturier@tim.it
4617.0,Pierre,Cardenas,pierre.cardenas@luzi-bonomo.eu
1417.0,Romeo,Surian,romeo.surian@batista.com
4770.0,Ivo,Moreno,ivo.moreno@hotmail.com
4328.0,Federico,Marie,federico.marie@jourdan.fr
5171.0,Maggie,Boito,maggie.boito@yahoo.com
4394.0,Brianna,Hanson,brianna.hanson@stanley.com
1794.0,Heiko,Bourgeois,heiko.bourgeois@togliatti.com
3510.0,Benito,Gritti,benito.gritti@gmail.com
2487.0,Mitzy,Junk,mitzy.junk@zaragoza.com
2215.0,Samantha,Lowe,samantha.lowe@praga.it
4136.0,Ernesto,Nerger,ernesto.nerger@middleton.co.uk
3723.0,Melinda,Canova,melinda.canova@orange.fr
5842.0,Mohammad,Hartung,mohammad.hartung@hotmail.com
3289.0,Ben,Maillot,ben.maillot@ramos.net
1249.0,Isabel,Pruschke,isabel.pruschke@gmail.com
5409.0,Linda,Franceschi,linda.franceschi@richards.net
2951.0,Olivia,Striebitz,olivia.striebitz@gmail.com
3432.0,Penny,Watson,penny.watson@matthews.net
2297.0,Manfred,James,manfred.james@davies.org
6161.0,Hazel,Pierce,hazel.pierce@outlook.com
4603.0,Alf,Bates,alf.bates@dunn.com
5818.0,Scott,Gough,scott.gough@industrias.com
4270.0,Konrad,Briones,konrad.briones@fierro.com
6007.0,Mathilde,Kruschwitz,mathilde.kruschwitz@yahoo.com
4084.0,Irma,Gemito,irma.gemito@googlemail.com
1340.0,Antoine,Guyon,antoine.guyon@yahoo.com
5675.0,William,Gibilisco,william.gibilisco@gaillard.com
2010.0,Judith,Butte,judith.butte@fischer-vaughn.info
6201.0,Joanne,Henderson,joanne.henderson@gmail.com
1791.0,Ludovica,Arellano,ludovica.arellano@morandi-argento.com
3314.0,Catherine,Gray,catherine.gray@hotmail.com
5852.0,Franco,Fioravanti,franco.fioravanti@barry-gill.com.au
4618.0,Heather,Zimmer,heather.zimmer@bluemel.de
2618.0,Hortense,Taylor,hortense.taylor@chambers.biz
4967.0,Livia,Ernst,livia.ernst@colas.fr
4594.0,Toby,Etzler,toby.etzler@industrias.com
2080.0,Ennio,Leoncavallo,ennio.leoncavallo@sanchez.org
2793.0,Philippine,Vaca,philippine.vaca@hotmail.com
4890.0,Rhonda,Phillips,rhonda.phillips@yahoo.com
3528.0,Alphonse,Nitto,alphonse.nitto@voila.fr
5810.0,Karina,Arreola,karina.arreola@yahoo.com.au
5720.0,Denise,Wood,denise.wood@mantegna.com
4593.0,Burghard,Rosenow,burghard.rosenow@hotmail.com
3186.0,Friedl,Powell,friedl.powell@laposte.net
5136.0,Benjamin,Schultz,benjamin.schultz@rivero-davila.com
2646.0,Rachel,Ulibarri,rachel.ulibarri@schueler.com
3460.0,Silvano,Blanchet,silvano.blanchet@yahoo.com
4345.0,Kurt,Sauer,kurt.sauer@almanza.biz
2690.0,Nayeli,Gehringer,nayeli.gehringer@hotmail.com
4025.0,Imelda,Guerin,imelda.guerin@stumpf.net
4524.0,Zbigniew,Holmes,zbigniew.holmes@stiffel.net
3978.0,Adela,Alfonsi,adela.alfonsi@despacho.com
3910.0,Hilary,Clark,hilary.clark@libero.it
5825.0,Kornelius,Molina,kornelius.molina@heuser.com
3564.0,Christian,Anderson,christian.anderson@tim.it
2396.0,Francisco,Dorsey,francisco.dorsey@tiscali.fr
2140.0,Walli,Albert,walli.albert@dussen.com
3079.0,Siegrun,Mota,siegrun.mota@matthews-montoya.org.au
2017.0,Alberico,Herve,alberico.herve@beer.net
5444.0,Serafina,Bonnin,serafina.bonnin@mendes.com
2216.0,Marcelle,Bender,marcelle.bender@edwards-robinson.info
1241.0,Hartmuth,Robertson,hartmuth.robertson@thomas.edu.au
1484.0,Herlinde,George,herlinde.george@free.fr
3475.0,Pamela,Payne,pamela.payne@yahoo.com
4333.0,Gastone,Beyer,gastone.beyer@stewart-sanchez.edu
5657.0,Lydia,Berengario,lydia.berengario@aol.de
2527.0,Lucy,Davidson,lucy.davidson@tele2.it
5967.0,Franck,Wade,franck.wade@gute.org
5698.0,Heidi,Barker,heidi.barker@gmail.com
3331.0,Arnaldo,Ocasio,arnaldo.ocasio@hotmail.com
3841.0,Francis,Bernier,francis.bernier@rodriguez.com
6105.0,Johanne,Strong,johanne.strong@yahoo.de
3895.0,Debra,Langlois,debra.langlois@schmiedecke.com
1891.0,Reingard,Kambs,reingard.kambs@sagese.eu
1281.0,Mauro,Ortiz,mauro.ortiz@oquendo.net
4186.0,Griselda,Carranza,griselda.carranza@krause.de
2511.0,Janet,Madrigal,janet.madrigal@gmail.com
4272.0,Jenna,Day,jenna.day@reed.com
3533.0,Modesto,Wright,modesto.wright@pareto.com
3618.0,Alice,Wall,alice.wall@zaccardo.it
2177.0,Brenda,Sontag,brenda.sontag@solari.com
4102.0,Sergius,Mace,sergius.mace@palazzo.com
6089.0,Antonia,Kline,antonia.kline@gmail.com
4701.0,Maurice,Gumprich,maurice.gumprich@griffin.net.au
5645.0,Daniel,Anders,daniel.anders@yahoo.com
4499.0,Zaira,Cattaneo,zaira.cattaneo@yahoo.com
3365.0,Alessio,Bruneau,alessio.bruneau@hotmail.co.uk
2290.0,Gerdi,Guerrero,gerdi.guerrero@tele2.fr
1890.0,Brigitte,Stiebitz,brigitte.stiebitz@gmail.com
1304.0,June,Sinisi,june.sinisi@manzoni-giannini.it
3799.0,Carl,Macias,carl.macias@yahoo.com
2749.0,Veronica,Trapp,veronica.trapp@tiscali.it
2028.0,Frances,Garnier,frances.garnier@aporti-guidotti.org
2383.0,Terri,Iannelli,terri.iannelli@hotmail.com
5721.0,Odette,Moore,odette.moore@hall.edu
1394.0,Mercedes,Trujillo,mercedes.trujillo@aol.de
3451.0,Babette,Dumas,babette.dumas@brady.net
5512.0,Jerry,Santiago,jerry.santiago@soprano-ferragni.it
2453.0,Ronald,Simpson,ronald.simpson@ovadia.net
6055.0,Emmanuel,Dominguez,emmanuel.dominguez@gmail.com
5704.0,Christiane,Ricciardi,christiane.ricciardi@zavala.com
3707.0,Ingolf,Zamora,ingolf.zamora@yahoo.com.au
2205.0,Rita,Sharp,rita.sharp@beard-scott.edu.au
5976.0,Geraldine,Cabrera,geraldine.cabrera@green-smith.info
3290.0,Chantal,Armas,chantal.armas@jenkins.net
4257.0,Louis,Gilbert,louis.gilbert@gmail.com
4588.0,Michelle,Collier,michelle.collier@peruzzi.it
4785.0,Guillermina,Nicholson,guillermina.nicholson@grondin.fr
3033.0,Bertrand,Hopkins,bertrand.hopkins@gmail.com
2779.0,Alonso,Palomo,alonso.palomo@gehringer.de
2131.0,Tina,Rodriguez,tina.rodriguez@web.de
6229.0,Eva,Francis,eva.francis@parker.org
3429.0,Ottavio,Rust,ottavio.rust@crespi.com
1613.0,Amelia,Olvera,amelia.olvera@hotmail.com
4734.0,Paul,Palladio,paul.palladio@mclaughlin.net.au
4439.0,Bernardo,Wieloch,bernardo.wieloch@budig.com
1441.0,Umberto,Hicks,umberto.hicks@hill.com
5799.0,Janko,Bishop,janko.bishop@tim.it
1419.0,Jessika,Meunier,jessika.meunier@gmx.de
3059.0,Isaac,Benard,isaac.benard@googlemail.com
3224.0,Alexandrie,Lambert,alexandrie.lambert@yahoo.com
3181.0,Roberto,Guyot,roberto.guyot@bennett.com
6061.0,Giulietta,Lucas,giulietta.lucas@club.com
4466.0,Damaris,Pininfarina,damaris.pininfarina@gmail.com
6081.0,Fabrizia,Renard,fabrizia.renard@higgins-marks.com
2159.0,Camillo,Dehmel,camillo.dehmel@brown-campbell.com
3324.0,Ruggero,Parpinel,ruggero.parpinel@gmail.com
3176.0,Stephen,Pratesi,stephen.pratesi@hotmail.com
5874.0,Ludger,Naccari,ludger.naccari@ingram.biz
5110.0,Meryem,Tapia,meryem.tapia@yahoo.com
5490.0,Jasmine,Juvara,jasmine.juvara@yahoo.com.au
1922.0,Victoire,Travaglia,victoire.travaglia@zacchia.com
4398.0,Adrian,Noel,adrian.noel@perrin.com
4754.0,Marvin,Howe,marvin.howe@gmail.com
3309.0,Hanne,Kidd,hanne.kidd@yahoo.com
1244.0,Donatello,Millet,donatello.millet@fritsch.net
2892.0,Eloisa,Pascarella,eloisa.pascarella@gmail.com
2777.0,Erica,Zambrano,erica.zambrano@gmail.com
4952.0,Paula,Canales,paula.canales@gilmore-guerrero.com
5144.0,Claudia,Bernard,claudia.bernard@mazzanti.it
5487.0,Paulina,Miller,paulina.miller@lewis-barker.com
1932.0,Kathrin,Godfrey,kathrin.godfrey@tele2.fr
3364.0,Pina,Passalacqua,pina.passalacqua@yahoo.co.uk
5165.0,Julien,Miles,julien.miles@stevens-rose.com
3858.0,Suzanne,Benigni,suzanne.benigni@mennea-morlacchi.com
4666.0,Annalisa,Pugh,annalisa.pugh@hotmail.fr
2896.0,Mathew,Maestas,mathew.maestas@casas-garrido.com
4520.0,Laszlo,Vallee,laszlo.vallee@verdier.com
5726.0,Helen,Polanco,helen.polanco@hotmail.com
5661.0,Mateo,Sorrentino,mateo.sorrentino@calderon.com
4765.0,Eric,Barnes,eric.barnes@barrett-winter.com
3710.0,Dragica,West,dragica.west@yahoo.com.au
4925.0,Antje,Voisin,antje.voisin@gmail.com
1533.0,Stanley,Mills,stanley.mills@parker-lee.biz
5264.0,Brandy,Meraz,brandy.meraz@yahoo.com
4606.0,Conor,Reinhardt,conor.reinhardt@yahoo.com.au
2043.0,Gabino,Blot,gabino.blot@lewis-russell.org
3871.0,Alvaro,Lemus,alvaro.lemus@yahoo.com
6205.0,Patrizia,Wilms,patrizia.wilms@dbmail.com
3193.0,Metin,Coulon,metin.coulon@ashley.com
1810.0,Reece,Valencia,reece.valencia@laboy-palomo.com
4797.0,Troy,Schmiedecke,troy.schmiedecke@picard.com
1487.0,Wendy,Bustos,wendy.bustos@libero.it
3474.0,Guglielmo,Caldwell,guglielmo.caldwell@loeffler.com
5771.0,Travis,Cowan,travis.cowan@turner.info
6074.0,Brandi,Abbagnale,brandi.abbagnale@tele2.fr
1568.0,Hanno,Gollum,hanno.gollum@smith.com
4263.0,Jutta,Burke,jutta.burke@elliott.com
5850.0,Dorothe,Paz,dorothe.paz@fiebig.de
5619.0,Desiree,Huerta,desiree.huerta@morris.com
1904.0,Ilse,Bray,ilse.bray@venturi.it
5388.0,Pierpaolo,Scaduto,pierpaolo.scaduto@sanders-gibson.com.au
2150.0,Amedeo,Bradford,amedeo.bradford@yahoo.com
2653.0,Julia,Ali,julia.ali@yahoo.com
2687.0,Catalina,Pizzetti,catalina.pizzetti@tim.it
3779.0,Dylan,Porzio,dylan.porzio@yahoo.de
1494.0,Iris,Trincavelli,iris.trincavelli@tiscali.fr
4129.0,Johnathan,Guidotti,johnathan.guidotti@cox-sanchez.net
3035.0,Walburga,Vollbrecht,walburga.vollbrecht@aol.de
2069.0,Kendra,David,kendra.david@allan-morton.com
5469.0,Aleksandr,Weiss,aleksandr.weiss@blanc.org
3903.0,Cornelio,Guardado,cornelio.guardado@gmail.com
4083.0,Ferdi,Blackburn,ferdi.blackburn@christensen.net
4003.0,Bill,Gallagher,bill.gallagher@green.com
3565.0,Leonard,Harvey,leonard.harvey@hotmail.com
1640.0,Milan,Montenegro,milan.montenegro@langern.com
4769.0,Philip,Perez,philip.perez@hotmail.co.uk
3398.0,Kathryn,Hentschel,kathryn.hentschel@shaw.com
1865.0,Xavier,Samson,xavier.samson@baggio.it
5690.0,Hartwig,Roberts,hartwig.roberts@saraceno.net
3814.0,Kimberly,Chan,kimberly.chan@gmail.com
2942.0,Lorraine,Crawford,lorraine.crawford@gmail.com
5095.0,Maximiliano,Knowles,maximiliano.knowles@gmail.com
2878.0,Gabriella,Avila,gabriella.avila@gmail.com
3697.0,Rico,Mortati,rico.mortati@faivre.fr
4744.0,Gail,Petrocelli,gail.petrocelli@yahoo.com
2104.0,Liberto,Niemeier,liberto.niemeier@germano-dibiasi.it
4883.0,Luciana,Petitjean,luciana.petitjean@patterson-cole.biz
4807.0,Ron,Cavazos,ron.cavazos@yahoo.com
1372.0,Aldo,Cibin,aldo.cibin@gmx.de
3666.0,Alexandre,Serrano,alexandre.serrano@yahoo.co.uk
2066.0,Lori,Fagotto,lori.fagotto@hill-anderson.com
1834.0,Perla,Figueroa,perla.figueroa@live.com
5853.0,Reginald,Hughes,reginald.hughes@gmail.com
2219.0,Uriel,Holt,uriel.holt@gmail.com
4148.0,Stefano,Lemonnier,stefano.lemonnier@binner.com
4477.0,Madeleine,Cooper,madeleine.cooper@poste.it
1786.0,Alban,Barbier,alban.barbier@ortiz.org
3455.0,Alfonso,Finetti,alfonso.finetti@quiroz.com
5707.0,Ryan,Kim,ryan.kim@noos.fr
5470.0,Augustin,Wohlgemut,augustin.wohlgemut@watson.info
3274.0,Rolando,Bibi,rolando.bibi@tin.it
4613.0,Berthold,Randall,berthold.randall@mcdonald.com
4465.0,Genaro,Briand,genaro.briand@sfr.fr
1652.0,Rudolf,Jenkins,rudolf.jenkins@hotmail.com
2100.0,Pauline,Ackermann,pauline.ackermann@arredondo-roque.com
4321.0,Folker,Swanson,folker.swanson@rodrigues.fr
4168.0,Ashleigh,Montez,ashleigh.montez@perry-schneider.com
3733.0,Liliana,Barber,liliana.barber@libero.it
2594.0,Caridad,Carr,caridad.carr@huhn.com
3909.0,Lolita,Borrego,lolita.borrego@gmail.com
5179.0,Gunar,Patrick,gunar.patrick@leroy.com
2228.0,Leokadia,Verdier,leokadia.verdier@hotmail.com.au
6222.0,Hanna,Reid,hanna.reid@salas.org
2354.0,Edelgard,Kreusel,edelgard.kreusel@hotmail.com
1725.0,Svenja,Perrin,svenja.perrin@berger.com
2960.0,Pierluigi,Taccola,pierluigi.taccola@gmx.de
2077.0,Cilli,Watts,cilli.watts@yahoo.com
5662.0,Emiliano,Wells,emiliano.wells@gmx.de
3481.0,April,Davids,april.davids@fisher.info
2565.0,Dolores,Didier,dolores.didier@yahoo.com.au
4436.0,Sylvia,Bonomo,sylvia.bonomo@poulain.com
5072.0,Nelly,Marsh,nelly.marsh@hotmail.it
5200.0,Beth,Miniati,beth.miniati@hudson.net
4502.0,Renee,Merino,renee.merino@gmail.com
4945.0,Hailey,Russell,hailey.russell@jourdan.org
3012.0,Raphaela,Gotthard,raphaela.gotthard@outlook.com
6094.0,Pomponio,Comencini,pomponio.comencini@hotmail.co.uk
3815.0,Leone,Richardson,leone.richardson@yahoo.com
4838.0,Valentine,Acosta,valentine.acosta@peters.net
3469.0,Ricciotti,Laureano,ricciotti.laureano@parsons.com
4874.0,Jacques,Heidrich,jacques.heidrich@zamudio-chapa.com
1792.0,Anne,Snow,anne.snow@gmail.com
4356.0,Sonia,Volta,sonia.volta@gmx.de
6196.0,Dale,Leblanc,dale.leblanc@stewart.com
3578.0,Alejandro,Cruz,alejandro.cruz@hotmail.com
4491.0,Elsa,Cugia,elsa.cugia@yahoo.com
3054.0,Geronimo,Pechel,geronimo.pechel@hotmail.com
1968.0,Melania,Klemm,melania.klemm@seidel.com
5869.0,Katherine,Cooley,katherine.cooley@yahoo.com
5858.0,Guillermo,Larsen,guillermo.larsen@yahoo.com
5203.0,Jill,Barrios,jill.barrios@gmail.com
2577.0,Austin,Musatti,austin.musatti@tin.it
3216.0,Jacinto,Rose,jacinto.rose@yahoo.com
2037.0,Lucie,Redi,lucie.redi@googlemail.com
3867.0,Tania,Chapman,tania.chapman@remy.com
5109.0,Alexandria,Best,alexandria.best@yahoo.co.uk
1376.0,Edward,Scott,edward.scott@yahoo.com
5260.0,Jake,Wiley,jake.wiley@outlook.com
2350.0,Claudio,Reuter,claudio.reuter@morgan-collins.org.au
2269.0,Laure,Traetta,laure.traetta@kay-perkins.co.uk
3650.0,Magarete,Valentin,magarete.valentin@yahoo.com
3934.0,Paige,Hill,paige.hill@jones.org.au
4048.0,Fulvio,Curiel,fulvio.curiel@reynolds.com
4266.0,Thibaut,Camarillo,thibaut.camarillo@hotmail.com
3863.0,Romana,Blanchard,romana.blanchard@googlemail.com
4922.0,Thibault,Savorgnan,thibault.savorgnan@butler.biz
4517.0,Alexander,Pausini,alexander.pausini@gonzalez.info
3259.0,Pierangelo,Scholtz,pierangelo.scholtz@lefevre.com
3123.0,Emmanuelle,Keller,emmanuelle.keller@morton-clarke.com
3870.0,Isabella,Deleon,isabella.deleon@web.de
2996.0,Timothy,Weitzel,timothy.weitzel@gmail.com
2993.0,Alfredo,Ingram,alfredo.ingram@hotmail.com
4556.0,Francesca,Kade,francesca.kade@luna-rael.org
2326.0,Tonia,Coleman,tonia.coleman@hotmail.com
4109.0,Gottfried,Barbe,gottfried.barbe@hotmail.com
5739.0,Jeffrey,Trommler,jeffrey.trommler@yahoo.com
5887.0,Giacobbe,Owens,giacobbe.owens@huet.fr
1651.0,Conchita,Pagliaro,conchita.pagliaro@googlemail.com
1628.0,Kevin,Delahaye,kevin.delahaye@ellis-wilson.com
2642.0,Rouven,Ovadia,rouven.ovadia@gmail.com
6020.0,Piermaria,Laporte,piermaria.laporte@wesack.com
4747.0,Karolin,Johann,karolin.johann@hotmail.com
5534.0,Steven,Folliero,steven.folliero@noos.fr
4790.0,Livio,Rosselli,livio.rosselli@green.co.uk
4632.0,Gaetano,Leonardi,gaetano.leonardi@despacho.com
1952.0,Cynthia,Robinson,cynthia.robinson@gilles.net
4388.0,Eleni,Aponte,eleni.aponte@club-internet.fr
5529.0,Noelia,Romo,noelia.romo@yahoo.com
1316.0,Evelyn,Haynes,evelyn.haynes@clark.info
1670.0,Katharine,Zaccagnini,katharine.zaccagnini@hotmail.com
4909.0,Lea,Merle,lea.merle@stey.de
3401.0,Marta,Huynh,marta.huynh@hernandez.info
4619.0,Amador,Riley,amador.riley@hotmail.com
4722.0,Julie,Coles,julie.coles@hotmail.fr
2188.0,Beverley,Telesio,beverley.telesio@regnier.fr
5497.0,Corinne,Mitschke,corinne.mitschke@hauffer.net
5711.0,Valerie,Ortega,valerie.ortega@tele2.it
4076.0,Carlos,Delle,carlos.delle@hicks.com
1847.0,Christina,Besnard,christina.besnard@delorme.com
2816.0,Rosario,Jacques,rosario.jacques@yahoo.com
5019.0,Celal,Fischer,celal.fischer@aol.de
4869.0,Leonardo,Guzman,leonardo.guzman@andreozzi-abba.com
3613.0,Clinton,Mason,clinton.mason@yahoo.com
3069.0,Loretta,Mallet,loretta.mallet@sansoni-toscani.it
2601.0,Lorenzo,Roero,lorenzo.roero@hotmail.co.uk
2133.0,Lando,Gutierrez,lando.gutierrez@heser.com
3164.0,Elaine,Patterson,elaine.patterson@rose-morris.org
3897.0,Marcella,Govoni,marcella.govoni@barkholz.net
5663.0,Ettore,Amaldi,ettore.amaldi@germain.com
3879.0,Rufino,Gallegos,rufino.gallegos@webster-newton.co.uk
5900.0,Georges,Richards,georges.richards@macdonald.com
2272.0,Janice,Infantino,janice.infantino@hotmail.com
5436.0,Svetlana,Montanariello,svetlana.montanariello@putz.de
3676.0,Agnolo,Cedillo,agnolo.cedillo@laboratorios.biz
4676.0,Hannah,Jockel,hannah.jockel@ceravolo-tonisto.eu
1563.0,Yvonne,Stout,yvonne.stout@sims.edu
4349.0,Anouk,Pace,anouk.pace@gmail.com
1658.0,Esteban,Valdez,esteban.valdez@hotmail.com
2552.0,Angelina,Davies,angelina.davies@hotmail.com
4847.0,Anastasie,Cadena,anastasie.cadena@live.com
1553.0,Hansjoachim,Lettiere,hansjoachim.lettiere@hall-mcdaniel.net
2632.0,Yeni,Tejada,yeni.tejada@olson.edu.au
1908.0,Dulce,Adinolfi,dulce.adinolfi@hotmail.com
5801.0,Sean,Mielcarek,sean.mielcarek@gmail.com
1935.0,Omar,Fonseca,omar.fonseca@grupo.org
2609.0,Henry,Gucci,henry.gucci@leleu.fr
2740.0,Samira,Bottaro,samira.bottaro@vasseur.fr
1907.0,Korinna,Arnold,korinna.arnold@zapata-saenz.biz
1831.0,Marcela,Ferrante,marcela.ferrante@gmx.de
5177.0,Douglas,Amaya,douglas.amaya@favata-brenna.net
6179.0,Katherina,Barrientos,katherina.barrientos@trobbiani.eu
2917.0,Brittany,Tran,brittany.tran@tele2.it
1486.0,Caroline,Reeves,caroline.reeves@yahoo.com
3735.0,Joe,Michaud,joe.michaud@yahoo.fr
3838.0,Marco,Vittadello,marco.vittadello@gmail.com
2430.0,Kim,Webb,kim.webb@yahoo.com.au
2480.0,Eugenia,Zichichi,eugenia.zichichi@yahoo.com
3431.0,Aurore,Rosemann,aurore.rosemann@leoncavallo-rusticucci.com
1742.0,Giustino,Luzi,giustino.luzi@rolland.fr
4628.0,Anita,Galindo,anita.galindo@gmail.com
2385.0,Gunhild,Carrillo,gunhild.carrillo@elliott-gilbert.org
2213.0,Rosa,Paul,rosa.paul@bien.com
5188.0,Marliese,Oneal,marliese.oneal@gmail.com
3418.0,Bethany,Hartmann,bethany.hartmann@yahoo.com
5637.0,Irina,Martineau,irina.martineau@gmail.com
3530.0,Beatriz,Moulin,beatriz.moulin@pinto.com
3731.0,Lucas,Austin,lucas.austin@gmail.com
3219.0,Carole,Nohlmans,carole.nohlmans@yahoo.com
2392.0,Bozena,Schmitt,bozena.schmitt@vallet.com
5103.0,Aimee,Foconi,aimee.foconi@outlook.com
3992.0,Marzena,Carrero,marzena.carrero@roskoth.de
2442.0,Raisa,Poulain,raisa.poulain@fastwebnet.it
2913.0,Marcantonio,Bennett,marcantonio.bennett@hopkins.com.au
1631.0,Kenneth,Hurst,kenneth.hurst@meunier.net
4073.0,Marisela,Mende,marisela.mende@godoy-enriquez.com
4568.0,Blanka,Villareal,blanka.villareal@monduzzi.net
1830.0,Tomislav,Stoppani,tomislav.stoppani@corporacin.org
2623.0,Krystal,Ammaniti,krystal.ammaniti@barbier.fr
4327.0,Deanna,Aporti,deanna.aporti@bouygtel.fr
3713.0,Donatella,Burns,donatella.burns@yahoo.de
2389.0,Margrit,Hooper,margrit.hooper@douglas.com
5141.0,Baccio,Marcacci,baccio.marcacci@laposte.net
3522.0,Alfio,Roman,alfio.roman@hotmail.co.uk
1334.0,Soledad,Soto,soledad.soto@hotmail.de
4721.0,Josh,Cimarosa,josh.cimarosa@hotmail.com
3768.0,Nath,Rico,nath.rico@yahoo.com
1639.0,Gary,Armani,gary.armani@web.de
5149.0,Miriam,Oquendo,miriam.oquendo@smith-watson.biz
2153.0,Monica,Mohaupt,monica.mohaupt@live.com
2767.0,Alec,Ho,alec.ho@parra-esparza.com
5124.0,Harry,Fouquet,harry.fouquet@ibarra-cooper.com
2097.0,Arcelia,Babati,arcelia.babati@orange.fr
4796.0,Trinidad,Vespa,trinidad.vespa@gmail.com
5849.0,Colette,Ryan,colette.ryan@hotmail.com
1495.0,Richard,Andre,richard.andre@porras.org
2462.0,Ellinor,Leclercq,ellinor.leclercq@gmail.com
2280.0,Patricio,Guillon,patricio.guillon@web.de
1877.0,Kirsten,Chindamo,kirsten.chindamo@carrillo-wall.com
6108.0,Leo,Petruzzi,leo.petruzzi@yahoo.com
4427.0,Margot,Tomaselli,margot.tomaselli@junck.org
2881.0,Ansaldo,Marks,ansaldo.marks@patel-odonnell.com
2339.0,Regina,Morin,regina.morin@barcaccia.net
5156.0,Karla,Medici,karla.medici@yahoo.com
4750.0,Morgan,Irizarry,morgan.irizarry@williams-harris.biz
4852.0,Natividad,Wong,natividad.wong@hoevel.com
5734.0,Anna,Freeman,anna.freeman@snyder.net
3801.0,Emilia,Vivaldi,emilia.vivaldi@garnier.fr
4474.0,Gerda,Cook,gerda.cook@tin.it
1992.0,Andrey,Faure,andrey.faure@frederick-mitchell.info
5796.0,Charlotte,Duke,charlotte.duke@ochoa.org
1373.0,Cindy,Castillo,cindy.castillo@virgilio.it
1879.0,Hiltrud,Thibault,hiltrud.thibault@barbe.com
3072.0,Kasimir,Jaime,kasimir.jaime@gmail.com
4561.0,Sabine,Lachmann,sabine.lachmann@phillips.org
5201.0,Andrea,Arroyo,andrea.arroyo@yahoo.com.au
5871.0,Matthew,Velasquez,matthew.velasquez@gmail.com
3041.0,Severino,Linares,severino.linares@angeli.com
5864.0,Swantje,Lomeli,swantje.lomeli@gmx.de
3999.0,Marcus,Espino,marcus.espino@comolli.eu
4849.0,Allen,Gates,allen.gates@gmail.com
5461.0,Mauricio,Saunders,mauricio.saunders@hotmail.co.uk
5946.0,Gilbert,Cornejo,gilbert.cornejo@hotmail.com
4508.0,Letizia,Gulotta,letizia.gulotta@howard.biz
5096.0,Etta,Gutknecht,etta.gutknecht@leconte.net
5443.0,Shelley,Perry,shelley.perry@gierschner.de
2165.0,Geoffrey,Williams,geoffrey.williams@poste.it
2125.0,Cory,Stewart,cory.stewart@voila.fr
6141.0,Kristy,Bartlett,kristy.bartlett@outlook.com
5245.0,Gianluca,Beck,gianluca.beck@green.biz
2190.0,Guido,Krein,guido.krein@gmail.com
2243.0,Leif,Monnier,leif.monnier@querini.it
3336.0,Jonas,Badoer,jonas.badoer@kennedy.biz
3305.0,Devin,Ebert,devin.ebert@yahoo.fr
6191.0,Slobodan,Camiscione,slobodan.camiscione@hotmail.com
1326.0,Volkmar,Gauthier,volkmar.gauthier@hotmail.com
6159.0,Jordan,Rowe,jordan.rowe@outlook.com
2003.0,Manon,Daugherty,manon.daugherty@segre.com
5881.0,Estela,Segovia,estela.segovia@vodafone.it
1918.0,Giada,Celentano,giada.celentano@evans.net
2157.0,Clayton,Salcedo,clayton.salcedo@hotmail.co.uk
3149.0,Raven,Pinto,raven.pinto@hotmail.com
2444.0,Lewis,Lewis,lewis.lewis@pisano.net
6207.0,Rochus,Rousseau,rochus.rousseau@nguyen.com
5580.0,Belinda,Gamez,belinda.gamez@leleu.com
5942.0,Angelo,Lozano,angelo.lozano@macias.com
1592.0,Jorge,Monti,jorge.monti@clement.fr
2344.0,Ricky,Harrell,ricky.harrell@martin.edu
5995.0,Adriano,Wulf,adriano.wulf@schmidtke.net
5022.0,Pompeo,Bourdon,pompeo.bourdon@gmail.com
5991.0,Kristie,Garrett,kristie.garrett@wernecke.com
4020.0,Lodovico,Conley,lodovico.conley@yahoo.com
6028.0,Jean,Berthelot,jean.berthelot@oscuro.it
2790.0,Tadeusz,Medina,tadeusz.medina@jackson-clark.net
4033.0,Ruby,Carriera,ruby.carriera@hotmail.it
1261.0,Theres,Antonioni,theres.antonioni@hotmail.com
1979.0,Gloria,Morton,gloria.morton@outlook.com
2122.0,Graziano,Jensen,graziano.jensen@gmail.com
4506.0,Gianpaolo,Massey,gianpaolo.massey@bouvier.com
3016.0,Alain,Farmer,alain.farmer@hotmail.it
3272.0,Renato,Murillo,renato.murillo@club.com
1375.0,Edda,Ferraris,edda.ferraris@libero.it
4014.0,Luce,Marty,luce.marty@waehner.org
3199.0,Rotraud,Mitchell,rotraud.mitchell@laboratorios.com
2184.0,Israel,Watkins,israel.watkins@hotmail.com
2170.0,Nathan,Jennings,nathan.jennings@kim.com
1478.0,Gavin,Proietti,gavin.proietti@gmx.de
6163.0,Emma,Rios,emma.rios@yahoo.com.au
1889.0,Todd,Douglas,todd.douglas@web.de
5912.0,Oscar,Holsten,oscar.holsten@yahoo.com
2537.0,Ann,Peron,ann.peron@grupo.biz
2118.0,Senta,Grassi,senta.grassi@hotmail.com
3234.0,Kata,Mena,kata.mena@gmail.com
3842.0,Gianfranco,Hethur,gianfranco.hethur@stewart-lee.com.au
3032.0,Florentine,Saraceno,florentine.saraceno@gmail.com
3238.0,Giuliano,Bolzmann,giuliano.bolzmann@pacillo.it
2059.0,Alwine,Kostolzin,alwine.kostolzin@holloway.com
5238.0,Giacinto,Briggs,giacinto.briggs@yahoo.co.uk
2578.0,Holly,Negrete,holly.negrete@hotmail.com
4789.0,Mark,Trapanese,mark.trapanese@gmail.com
2357.0,Alyssa,Brun,alyssa.brun@chittolini-spadafora.it
1235.0,Cristina,Chevalier,cristina.chevalier@proyectos.com
3558.0,Shannon,Lefevre,shannon.lefevre@gmail.com
1707.0,Logan,Hornich,logan.hornich@tin.it
2842.0,Rosalia,Toro,rosalia.toro@free.fr
5318.0,Reiner,Poerio,reiner.poerio@yahoo.com
1620.0,Valentina,Pages,valentina.pages@hotmail.de
4998.0,Enrico,Fabre,enrico.fabre@gmail.com
3111.0,Sevim,Begue,sevim.begue@yahoo.com.au
1424.0,Sonja,Patberg,sonja.patberg@hotmail.com
3244.0,Christine,Hiller,christine.hiller@yahoo.com
4643.0,Maik,Beasley,maik.beasley@harper-brooks.biz
6132.0,Elliot,Santana,elliot.santana@gmx.de
3790.0,Eloy,Renzi,eloy.renzi@gmail.com
1312.0,Wolf,Lutz,wolf.lutz@nichols-jackson.com.au
5686.0,Giuseppe,Lee,giuseppe.lee@mahe.org
2111.0,Angelica,Cuellar,angelica.cuellar@zaguri-bellucci.net
5685.0,Bekir,Normand,bekir.normand@yahoo.de
1905.0,Carmine,Gonzales,carmine.gonzales@schleich.net
3271.0,Marianne,Hubert,marianne.hubert@hotmail.com
4178.0,Gonzalo,Montes,gonzalo.montes@hotmail.com
3275.0,Shelly,Guichard,shelly.guichard@gmail.com
5713.0,Tobias,Carbajal,tobias.carbajal@live.com
3339.0,Santiago,Berry,santiago.berry@aol.de
5585.0,Emilio,Davenport,emilio.davenport@zamora-russo.net
4407.0,Maurizio,Gute,maurizio.gute@knight.info
1941.0,Nadia,Travaglio,nadia.travaglio@colletti-broggini.com
4690.0,Elisa,Barkholz,elisa.barkholz@sfr.fr
3607.0,Cristal,Mazzini,cristal.mazzini@gmail.com
2670.0,Trevor,Granados,trevor.granados@gmail.com
5261.0,Matthieu,Mcdonald,matthieu.mcdonald@morrison.org
4121.0,Juliette,Preston,juliette.preston@gmail.com
4620.0,Stanislaw,Montalvo,stanislaw.montalvo@mcpherson-hughes.info
4630.0,Lilia,Lollobrigida,lilia.lollobrigida@le.com
3440.0,Brigitta,Shaw,brigitta.shaw@hotmail.co.uk
3572.0,Rebeca,Frey,rebeca.frey@gerard.fr
5306.0,Nicolas,Palacios,nicolas.palacios@meraz.com
5122.0,Susanna,Bonneau,susanna.bonneau@klingelhoefer.de
1368.0,Romina,Valentine,romina.valentine@hotmail.com
5370.0,Erika,Toussaint,erika.toussaint@sfr.fr
5636.0,Lothar,Laurent,lothar.laurent@garcia.com.au
6033.0,Chelsea,Verdugo,chelsea.verdugo@campbell.com
3599.0,Ria,Venier,ria.venier@murillo-estevez.com
5566.0,Carly,Summers,carly.summers@yahoo.co.uk
1873.0,Pasquale,Tomasini,pasquale.tomasini@hotmail.co.uk
3904.0,Stefani,Ughi,stefani.ughi@hotmail.it
4453.0,Jose,Huang,jose.huang@gmx.de
5481.0,Petros,Gaona,petros.gaona@googlemail.com
2987.0,Maximilian,Siering,maximilian.siering@gaito-fornaciari.org
2431.0,Ermenegildo,Holzapfel,ermenegildo.holzapfel@aol.de
4158.0,Damien,Leger,damien.leger@dixon.biz
3753.0,Zeferino,Barrera,zeferino.barrera@zedillo-velazquez.com
4391.0,Alfred,Pohl,alfred.pohl@fechner.net
2026.0,Marissa,Gaito,marissa.gaito@reed-campbell.edu
4547.0,Ariana,Houston,ariana.houston@hotmail.it
2798.0,Victor,Jacobs,victor.jacobs@young.com
4732.0,Henriette,Lang,henriette.lang@mimun.it
5126.0,Wilfriede,Baca,wilfriede.baca@caraballo.com
5151.0,Lucia,Riviere,lucia.riviere@samaniego.biz
2134.0,Gordon,Vigorelli,gordon.vigorelli@solano.com
5786.0,Diethard,Salgado,diethard.salgado@gmail.com
5515.0,Sue,Corrales,sue.corrales@cardenas-serna.org
4530.0,Arthur,Salazar,arthur.salazar@yahoo.com.au
4088.0,Fortunata,Schneider,fortunata.schneider@tiscali.it
3667.0,Gretchen,Serna,gretchen.serna@pichon.org
3286.0,Egon,Caron,egon.caron@hotmail.com
4804.0,Roberta,Finzi,roberta.finzi@knight-davies.co.uk
5768.0,Editha,Savage,editha.savage@davies.co.uk
6098.0,Allan,Emanuelli,allan.emanuelli@fernandes.org
2508.0,Laurence,Lucero,laurence.lucero@martin.org
5779.0,Istvan,Draghi,istvan.draghi@ifrance.com
1717.0,Luigi,Bonnet,luigi.bonnet@carriera-federico.it
3368.0,Yuridia,Fantozzi,yuridia.fantozzi@mcdonald.com
4265.0,Eraldo,Schmiedt,eraldo.schmiedt@hotmail.de
4455.0,Antoinette,Cox,antoinette.cox@bustamante.com
2940.0,Cameron,Ocampo,cameron.ocampo@hotmail.com.au
6144.0,Lynn,Lawson,lynn.lawson@leclercq.com
3657.0,Natalia,Seifert,natalia.seifert@ifrance.com
1537.0,Nuray,Anguillara,nuray.anguillara@yahoo.co.uk
2116.0,Beate,Morgan,beate.morgan@gmail.com
5102.0,Mario,Rees,mario.rees@gmx.de
5815.0,Galasso,Junken,galasso.junken@yahoo.co.uk
4250.0,Luca,Moses,luca.moses@franke.de
4533.0,Aurelio,Gertz,aurelio.gertz@hewitt.net
3329.0,Uberto,Steele,uberto.steele@outlook.com
3606.0,Annie,Hunter,annie.hunter@allen.co.uk
4749.0,Jo,Mccarty,jo.mccarty@hotmail.com
2222.0,Eitel,Lombard,eitel.lombard@thomas.net
1939.0,Susan,Vigliotti,susan.vigliotti@yahoo.co.uk
2456.0,Jacqueline,Germano,jacqueline.germano@valette.fr
2794.0,Fidel,Ruppert,fidel.ruppert@yahoo.co.uk
2648.0,Margaret,Eigenwillig,margaret.eigenwillig@yahoo.com
2545.0,Yvette,Harding,yvette.harding@yahoo.co.uk
3273.0,Federigo,Karge,federigo.karge@bohlander.com
6155.0,Guenther,Armenta,guenther.armenta@free.fr
6064.0,Coriolano,Higgins,coriolano.higgins@murphy.org.au
1729.0,Felix,Rubio,felix.rubio@ebert.de
4969.0,Melanie,Leveque,melanie.leveque@fleury.net
3402.0,Abbie,Galeati,abbie.galeati@ubaldi.it
2810.0,Vittorio,Caccioppoli,vittorio.caccioppoli@yahoo.com
2217.0,Biagio,Valenzuela,biagio.valenzuela@robinson.info
5140.0,Dario,Green,dario.green@live.com
4497.0,Alwina,Textor,alwina.textor@poste.it
5100.0,Diether,Baeza,diether.baeza@grupo.biz
3390.0,Sole,Trevino,sole.trevino@hotmail.com
1926.0,Darren,Bernardi,darren.bernardi@brooks-martin.com
3264.0,Martina,Heser,martina.heser@morellato.it
2573.0,Bethan,Giacometti,bethan.giacometti@gmail.com
3628.0,Ethan,Duhamel,ethan.duhamel@sfr.fr
3826.0,Corrado,Warren,corrado.warren@hotmail.com.au
5983.0,Damian,Pulido,damian.pulido@yahoo.de
5678.0,Dino,Osborne,dino.osborne@despacho.com
2093.0,Nicolaus,Bernetti,nicolaus.bernetti@aol.de
5333.0,Gianna,Carroll,gianna.carroll@perez.com
5139.0,Grit,Knight,grit.knight@web.de
3173.0,Erin,Weinhold,erin.weinhold@hotmail.fr
3333.0,Craig,Jordan,craig.jordan@gmail.com
2262.0,Homero,Respighi,homero.respighi@gmail.com
1531.0,Fanny,Pertile,fanny.pertile@gmail.com
4881.0,Fridolin,Comboni,fridolin.comboni@graf.com
3928.0,Hugh,Cantu,hugh.cantu@libero.it
1803.0,Alphons,Simmons,alphons.simmons@hotmail.com
2321.0,Ludovico,Cafarchia,ludovico.cafarchia@gmail.com
6234.0,Nico,Kaiser,nico.kaiser@almonte.com
1422.0,Kirsty,Lamy,kirsty.lamy@alonzi.it
2660.0,Joshua,Scheibe,joshua.scheibe@turci.org
5361.0,Carin,Pineau,carin.pineau@yahoo.com
3420.0,Ellie,Galarza,ellie.galarza@pareto-cattaneo.net
4337.0,Marion,Lira,marion.lira@ifrance.com
2338.0,Aurelia,Angiolello,aurelia.angiolello@lord.com
4140.0,Maura,Ravaglioli,maura.ravaglioli@yahoo.com
2373.0,Brunhilde,Fletcher,brunhilde.fletcher@schomber.de
1344.0,Ottfried,Marques,ottfried.marques@tyler-watson.info
2141.0,Christelle,Blasi,christelle.blasi@morris-chan.com
3415.0,Augusto,Vercelloni,augusto.vercelloni@club-internet.fr
5696.0,Michela,Pruvost,michela.pruvost@holt.co.uk
1798.0,Guarino,Escalante,guarino.escalante@hotmail.com
1657.0,Gabriela,Padilla,gabriela.padilla@pearson-russell.com
3651.0,Agathe,Dias,agathe.dias@jackson.com
3574.0,Werner,Kallert,werner.kallert@gmail.com
6063.0,Lore,Delaunay,lore.delaunay@yahoo.com
2404.0,Enzio,Campos,enzio.campos@tim.it
2705.0,Walther,Duarte,walther.duarte@web.de
5059.0,Adelgunde,Trevisan,adelgunde.trevisan@gmail.com
5466.0,Thierry,Schwartz,thierry.schwartz@travaglio.net
5821.0,Katie,Andersen,katie.andersen@haney.com.au
5385.0,Kathy,Zamorani,kathy.zamorani@hotmail.com
3506.0,Giuseppina,Tanguy,giuseppina.tanguy@wanadoo.fr
5427.0,Jack,Klapp,jack.klapp@hotmail.com.au
6142.0,Tom,Leconte,tom.leconte@woods-johnson.com
2873.0,Bonnie,Cignaroli,bonnie.cignaroli@yahoo.com
3916.0,Danny,Farrell,danny.farrell@hotmail.com
1687.0,Fiorenzo,Bauer,fiorenzo.bauer@gmail.com
1542.0,Randy,Alfieri,randy.alfieri@verri.org
3087.0,Tim,Bradley,tim.bradley@schlosser.de
3857.0,Yves,Mendez,yves.mendez@gmail.com
5921.0,Raffaella,Esquivel,raffaella.esquivel@gmail.com
3144.0,Lawrence,Vasari,lawrence.vasari@castillo.edu
2676.0,Sam,Adams,sam.adams@yahoo.com
3646.0,Mirco,Nicolini,mirco.nicolini@blin.net
1321.0,Graham,Bajardi,graham.bajardi@yahoo.com
1399.0,Luc,Quinn,luc.quinn@walker.com
3169.0,Stella,Ullrich,stella.ullrich@hotmail.com.au
2058.0,Calcedonio,Remy,calcedonio.remy@edwards-benton.com
1300.0,Nanni,Almaraz,nanni.almaraz@martin.com
2075.0,Pascual,Corradi,pascual.corradi@lopez.net.au
2984.0,Kristi,Grant,kristi.grant@yahoo.co.uk
4768.0,Manuel,Gracia,manuel.gracia@trussardi.eu
3682.0,Gionata,Hussain,gionata.hussain@yahoo.com
5901.0,Maria,Nguyen,maria.nguyen@hernadez.com
3540.0,Leon,Baker,leon.baker@hotmail.com
2225.0,Gianmarco,Alcaraz,gianmarco.alcaraz@zacchia.net
1485.0,Derrick,Little,derrick.little@small.org
5343.0,Terry,Ramirez,terry.ramirez@hotmail.co.uk
5594.0,Katarina,Clarke,katarina.clarke@hotmail.com.au
2482.0,Leila,Washington,leila.washington@gmail.com
2706.0,Mirko,Townsend,mirko.townsend@schmitt.com
4861.0,Randall,Connolly,randall.connolly@jovinelli-castelli.com
2961.0,Pia,Burgess,pia.burgess@proyectos.org
3043.0,Justine,Mancini,justine.mancini@tiscali.it
6103.0,Reynaldo,Wagenknecht,reynaldo.wagenknecht@faure.com
4708.0,Toni,Magrassi,toni.magrassi@gmail.com
4395.0,Patrizio,Cisneros,patrizio.cisneros@martinez.edu.au
4912.0,Durante,Lindner,durante.lindner@picard.fr
2030.0,Rosl,Lamborghini,rosl.lamborghini@hiller.net
5235.0,Ugo,Harrison,ugo.harrison@morley-chapman.co.uk
5001.0,Isidor,Carpenter,isidor.carpenter@chauvin.com
4093.0,Marie,Zoppetto,marie.zoppetto@kallert.de
2576.0,Branko,Chambers,branko.chambers@ifrance.com
6122.0,Alan,Pineda,alan.pineda@proyectos.info
2813.0,Carmen,Oestrovsky,carmen.oestrovsky@gmail.com
3737.0,Shane,Fernandez,shane.fernandez@hotmail.de
2803.0,Debbie,Guilbert,debbie.guilbert@berg.edu
5508.0,Vito,Dossi,vito.dossi@hotmail.co.uk
3850.0,Evan,Schacht,evan.schacht@price.com
4220.0,Mandy,Weston,mandy.weston@free.fr
4532.0,Paulo,Zito,paulo.zito@nelson.biz
6013.0,Alberto,Girschner,alberto.girschner@laboratorios.com
3396.0,Giacomo,Bouvet,giacomo.bouvet@gmail.com
4401.0,Ehrentraud,Puga,ehrentraud.puga@laboratorios.com
2981.0,Cristian,Hale,cristian.hale@hotmail.co.uk
4467.0,Lilija,Charles,lilija.charles@gmail.com
1377.0,Albert,Legendre,albert.legendre@lee.com
5036.0,Marisa,Renaud,marisa.renaud@smith.org
5761.0,Sharon,Diallo,sharon.diallo@gmail.com
3699.0,Eduardo,Delattre,eduardo.delattre@lynch.net.au
4519.0,Bernadette,Wang,bernadette.wang@gmail.com
5395.0,Dina,Gibbons,dina.gibbons@brewer.net
3057.0,Clara,Armstrong,clara.armstrong@vodafone.it
2741.0,Elliott,Herrmann,elliott.herrmann@hotmail.com.au
1675.0,Graziella,Vidal,graziella.vidal@hotmail.com
2712.0,Francisca,Becerra,francisca.becerra@young.com.au
4527.0,Edeltrud,Boyer,edeltrud.boyer@outlook.com
1722.0,Julian,Noble,julian.noble@hill.org.au
4330.0,Christophe,Bohnbach,christophe.bohnbach@ifrance.com
5219.0,Ippazio,Angulo,ippazio.angulo@yahoo.com
4997.0,Grace,Kroker,grace.kroker@hotmail.com
2239.0,Jared,Ferguson,jared.ferguson@roberts.com
4587.0,Virginie,McLean,virginie.mclean@yahoo.com
4113.0,Mason,Potter,mason.potter@gmail.com
4762.0,Aaron,Anaya,aaron.anaya@hotmail.com.au
5242.0,Leah,Ornelas,leah.ornelas@gmail.com
5765.0,Harald,Roy,harald.roy@web.de
2185.0,Micaela,Martel,micaela.martel@hotmail.com
5500.0,Vincentio,Sanders,vincentio.sanders@voila.fr
3494.0,Bettina,Norbiato,bettina.norbiato@allen-lutz.org
3924.0,Julio,Renner,julio.renner@industrias.net
3521.0,Jelena,Stiffel,jelena.stiffel@trupp.de
5262.0,Guadalupe,Munoz,guadalupe.munoz@murray-hamilton.com.au
3684.0,Whitney,Noack,whitney.noack@laboratorios.org
5784.0,Gelsomina,Migliaccio,gelsomina.migliaccio@junk.com
1498.0,Evangelista,Pereira,evangelista.pereira@thompson-peterson.biz
6073.0,Gareth,Comolli,gareth.comolli@tiscali.fr
4939.0,Michelangelo,Hess,michelangelo.hess@bouygtel.fr
